Id,Parent,Label
1,0,Animals
2,0,Food
3,0,Clothing
4,0,Transport
5,0,Books
6,0,Sports
7,0,Songs
8,0,Movie
9,1,Mammals
10,1,Reptiles
11,1,Fish
12,1,Birds
13,1,Amphibians
14,1,Dinosaurs
15,1,Insect
16,1,Vertebrate
17,2,Fruit
18,2,Vegetables
19,2,Meat
20,2,Dairy
21,2,Beans
22,2,Grains
23,2,Seeds
24,2,Seafood
25,3,Tops
26,3,Bottoms
27,3,Shoes
28,3,Hats
29,3,Dresses
30,3,Footwear
31,3,Accessories
32,3,Suits
33,4,Train
34,4,Car
35,4,Bus
36,4,Bicycle
37,4,Plane
38,4,Boat
39,4,Scooter
40,4,Sport Bike
41,5,Textbook
42,5,Travel
43,5,Self Help
44,5,Horror
45,5,Mystery
46,5,Romance
47,5,Action and Adventure
48,5,Journals
49,6,Men
50,6,Woman
51,6,Individual
52,6,Team
53,6,Acrobatic
54,6,Air
55,6,Combat
56,6,Ball
57,7,Country
58,7,Jazz
59,7,Pop
60,7,Rock
61,7,Hymns
62,7,Blues
63,7,Folk
64,7,Ballads
65,8,Romance
66,8,Horror
67,8,Comedy
68,8,Animation
69,8,Action
70,8,Thriller
71,8,Adventure
72,8,Documentary
73,9,Bear
74,9,Bat
75,9,Deer
76,9,Squirrel
77,9,Rhinoceros
78,9,Hamster
79,9,Seacows
80,9,Otter
81,10,Snakes
82,10,Turtle
83,10,Lizard
84,10,Crocodile
85,10,Chameleon
86,10,Gecko
87,10,Skink
88,10,Iguanidae
89,11,Common Carp
90,11,Fighting Fish
91,11,Guppy
92,11,Goldfish
93,11,Catfish
94,11,Swordtail
95,11,Bluegill
96,11,Swordfish
97,12,Parrot
98,12,Swallow
99,12,Sparrow
100,12,Hummingbird
101,12,Owl
102,12,Albatross
103,12,Crane
104,12,Penguin
105,13,Darwins's Frog
106,13,Goliath Frog
107,13,Northen Leopard Frog
108,13,Argentine Horned Frog
109,13,Poison Dart Frog
110,13,Tree Frog
111,13,Wood Frog
112,13,Common Midwife Toad
113,14,Tyrannosaurus Rex
114,14,Allosaurus
115,14,Velociraptor
116,14,Carnotauraus
117,14,Albertosaurus
118,14,Spinosaurus
119,14,Giganotosaurus
120,14,Diplodocus
121,15,Bristletails
122,15,Zygentoma
123,15,Silverfish
124,15,Mayfly
125,15,Odonate
126,15,Orthoptera
127,15,Stoneflies
128,15,Rock Crawlers
129,16,Hammerhead Shark
130,16,Sand Shark
131,16,Thresher Shark
132,16,Mackerel Shark
133,16,Wobbegong
134,16,Sawshark
135,16,Catshark
136,16,Angelshark
137,17,Apple
138,17,Orange
139,17,Apricot
140,17,Pear
141,17,Avocado
142,17,Banana
143,17,Bilberry
144,17,Blueberry
145,18,Broccoli
146,18,Maize
147,18,Cucumber
148,18,Lettuce
149,18,Pumpkin
150,18,Tomato
151,18,Beetroot
152,18,Brussel Sprout
153,19,Bear
154,19,Beef
155,19,Lamb
156,19,Horse
157,19,Moose
158,19,Ham
159,19,Goat
160,19,Pork
161,20,Milk
162,20,Cheese
163,20,Butter
164,20,Cottage Cheese
165,20,Whey
166,20,Casein
167,20,Curd
168,20,Custard
169,21,Adzuki
170,21,Legume
171,21,Green Bean
172,21,Common Bean
173,21,Black Turtle Bean
174,21,Broad Bean
175,21,Black-Eyed Peas
176,21,Edamame
177,22,Barley
178,22,Brown Rice
179,22,Buckwheat
180,22,Wheat
181,22,Millet
182,22,Oatmeal
183,22,Popcorn
184,22,Rye
185,23,Quinoa
186,23,Maize
187,23,Lentils
188,23,Buckwheat
189,23,Sorghum
190,23,Corn
191,23,Wild Rice
192,23,Oat Groat
193,24,Anchovy
194,24,Bass
195,24,Caviar
196,24,Eel
197,24,Ikura
198,24,Soft-shell Crab
199,24,Tobiko
200,24,Mussels
201,25,Crop Top
202,25,Blouse Top
203,25,Tunic Top
204,25,Tube Top
205,25,Tank Top
206,25,Peplum
207,25,Kaftan
208,25,Wrap Top
209,26,Harem Pants
210,26,Palazzo Pants
211,26,Jodhpurs
212,26,Leggings
213,26,Stirrups
214,26,Skort
215,26,Bermudas
216,26,Hot Pants
217,27,Wedges
218,27,Oxfords
219,27,Ballerinas
220,27,Lace Ups
221,27,Sneakers
222,27,High Heels
223,27,Canvas Shoes
224,27,Wellington Boots
225,28,Baseball Cap
226,28,Beanie
227,28,Beret
228,28,Boater
229,28,Bucket Hat
230,28,Bowler Hat
231,28,Cowboy Hat
232,28,Sun Hat
233,29,Casual Maxi
234,29,Slip Dress
235,29,Sheath Dress
236,29,Flared Dress
237,29,Lace Dress
238,29,Party Dress
239,29,Yoke Dress
240,29,Ball Gown
241,30,Huarache
242,30,Jazz Shoe
243,30,Jelly Shoe
244,30,Jutti
245,30,Kitten Heel
246,30,Kungfu Shoe
247,30,Slip-on Shoes
248,30,Loafers
249,31,Jacket
250,31,Cravat
251,31,Ties
252,31,Boot
253,31,Scarf
254,31,Bonnet
255,31,Earrings
256,31,Necklace
257,32,Single Breasted Suit
258,32,Double Breasted Suit
259,32,American Cut
260,32,Dinner Suit
261,32,Tuxedos
262,32,Wedding Suit
263,32,Lounge Suit
264,32,Zoot Suit
265,33,Aberdonian
266,33,Armada
267,33,Alantic Coast Express
268,33,Mass Rapid Transit
269,33,Cathedral Express
270,33,Pembroke Coast Express
271,33,The Red Dragon
272,33,Zephyr
273,34,Honda
274,34,Nissan
275,34,Ferrari
276,34,Toyota
277,34,BMW
278,34,Mercedes Benz
279,34,Audi
280,34,Renault
281,35,Transit Bus
282,35,Coach Bus
283,35,Electric Bus
284,35,School Bus
285,35,Trolleybus
286,35,Double-Decker Bus
287,35,Articulated Bus
288,35,Guided Bus
289,36,Giant
290,36,Trek
291,36,Cannodale
292,36,SCOTT
293,36,Bianchi
294,36,Santa Cruz
295,36,Merida
296,36,CUBE
297,36,Pinarello
298,37,MiG-21
299,37,Waco 10
300,37,Ercoupe
301,37,Boeing-747
302,37,Mitsubishi Zero
303,37,Eclispe 500
304,37,Boeing-787
305,37,Pilatus PC-12
306,38,Fishing Vessel
307,38,Bass Boat
308,38,Bow Rider
309,38,Catamaran
310,38,Center Console
311,38,Dinghy
312,38,Houseboat
313,38,Yacht
314,39,Suzuki Burgman
315,39,TVS Jupiter
316,39,Honda Activa
317,39,Hero Maestro
318,39,Suzuki Access 125
319,39,TVS Scooty
320,39,Aprillia SR50
321,39,Honda Grazia
322,40,Yamaha YZF-60
323,40,Yamaha YZF-R1
324,40,Honda CBR250R
325,40,GSX-R750
326,40,Honda CBR600RR
327,40,Suzuki GSX-R600
328,40,Kawasaki Ninja ZX-6R
329,40,Kawasaki Ninja 300
330,41,Acta Philosophorum The First Journal of Philosophy
331,41,Encyclopedia of International Media and Communications
332,41,Management Science An Anthology
333,41,History of Early Film
334,41,Biostatistical Genetics and Genetic Epidemiology
335,41,Companion Encyclopedia of Psychology
336,41,Feminism and Politics
337,41,Concepts and Design of Chemical Reactors
338,42,Travels With A Donkey In The CÃ©vennes
339,42,Shantaram
340,42,World Walk
341,42,On The Road
342,42,The Alchemist
343,42,In A Sunburned Country
344,42,Marching Powder
345,42,The Cat Who Went To Paris
346,43,Feeling Good: The New Mood Therapy
347,43,Outliers: The Story of Success
348,43,The 7 Habits of Highly Effective People: Powerful Lessons in Personal Change
349,43,The Last Lecture
350,43,Mindset: The New Psychology of Success
351,43,The Purpose Driven Life: What on Earth Am I Here For?
352,43,Thinking, Fast and Slow
353,43,The Power of Positive Thinking
354,44,The Shining
355,44,It
356,44,Dracula
357,44,Pet Sematary
358,44,The Exorcist
359,44,Misery
360,44,Carrie
361,44,The Haunting of Hill House
362,45,Gone Girl
363,45,The Secret Place
364,45,Six Suspects
365,45,Bluebird
366,45,The Dark Lake
367,45,One of Us is Lying
368,45,Night Film
369,45,Journey Under The Midnight Sun
370,46,Love Story
371,46,Fifty Shades of Grey
372,46,Outlander
373,46,Pride and Prejudice
374,46,The Kiss Quotient
375,46,Jane Eyre
376,46,Bared to You
377,46,Fallen
378,47,Treasure Island
379,47,Origin
380,47,Catching Fire
381,47,The President is Missing
382,47,The Hunger Games
383,47,The Maze Runner
384,47,Inferno
385,47,Sahara
386,48,JAMA
387,48,Physical Review
388,48,Nature
389,48,Science
390,48,Accounts of Chemical Research
391,48,The American Journal of Psychiatry
392,48,Journal of Molecular Biology
393,48,Analytical Chemistry
394,49,Badminton
395,49,Biribol
396,49,Waterpolo
397,49,Fistball
398,49,Football
399,49,Sailing
400,49,Baseball
401,49,Grappling
402,50,Basketball
403,50,Netball
404,50,Soccer
405,50,Softball
406,50,Tennis
407,50,Table Tennis
408,50,Gymnastics
409,50,Swimming
410,50,Equestrian
411,51,Boxing
412,51,Bowling
413,51,Ice Skating
414,51,Golf
415,51,Skiing
416,51,Snowboarding
417,51,Cycling
418,51,Wrestling
419,52,Baseball
420,52,Cricket
421,52,Handball
422,52,Soccer
423,52,Ice Hockey
424,52,Quidditch
425,52,Sepak Takraw
426,52,Volleyball
427,53,Acro Dance
428,53,Aerial Hoop
429,53,Aerobatics
430,53,Breakdancing
431,53,Figure Skating
432,53,Parkour
433,53,Diving
434,53,Trampolining
435,54,Aerobatics
436,54,Model Aircraft
437,54,Air Racing
438,54,Gliding
439,54,Parachuting
440,54,Hang Gliding
441,54,Drone Racing
442,54,Paragliding
443,55,Boxing
444,55,Judo
445,55,Karate
446,55,Wrestling
447,55,Sumo
448,55,Kendo
449,55,Fencing
450,55,Jujitsu
451,56,Baseball
452,56,Softball
453,56,Cricket
454,56,Field Hockey
455,56,Football
456,56,Rugby
457,56,Soccer
458,56,Basketball
459,57,Broken Halos
460,57,Amazed
461,57,Drunk Girl
462,57,Need You Now
463,57,I Hope You Dance
464,57,Better Man
465,57,I Walk The Line
466,57,Body Like A Back Road
467,58,Take Five
468,58,Body and Soul
469,58,Autumn Leaves
470,58,So What
471,58,Relaxing Jazz
472,58,My Funny Valentine
473,58,All Blues
474,58,Strange Fruit
475,59,Girls Like You
476,59,No Tears Left to Cry
477,59,One Kiss
478,59,2002
479,59,Back To You
480,59,Shape of You
481,59,Wannabe
482,59,I Want it That Way
483,60,Bohemian Rhapsody
484,60,Smells Like Teen Spirit
485,60,Layla
486,60,Free Bird
487,60,Stairway to Heaven
488,60,Black Hole Sun
489,60,Sweet Home Alabama
490,60,Natural
491,61,How Great Thou Art
492,61,In Christ Alone
493,61,And Can It Be
494,61,Abide With Me
495,61,Make Me A Channel Of Your Peace
496,61,Jerusalem
497,61,Great Is Thy Faithfulness
498,61,Amazing Grace
499,62,All Rise
500,62,U Make Me Wanna
501,62,If You Come Back
502,62,Fly By
503,62,One Love
504,62,Curtain Falls
505,62,Sorry Seems To Be The Hardest Words
506,62,Breathe Easy
507,63,Goodnight Irene
508,63,Water is Wide
509,63,This Land Is Your Land
510,63,Mr. Tambourine Man
511,63,Wild Rover
512,63,Suzanne
513,63,Matty Groves
514,63,Will Ye Go Lassie Go
515,64,November Rain
516,64,My Heart Will Go On
517,64,Total Eclipse of the Heart
518,64,More Than Words
519,64,Can't Fight This Feeling
520,64,It Must Have Been Love
521,64,Broken Wings
522,64,The Flame
523,65,The Notebook
524,65,The Fault In Our Stars
525,65,Twilight
526,65,The Proposal
527,65,Titanic
528,65,500 Days of Summer
529,65,Pride & Prejudice
530,65,Love Actually
531,66,The Witch
532,66,The Badadook
533,66,It
534,66,Get Out
535,66,A Quiet Place
536,66,The Conjuring
537,66,Split
538,66,Train To Busan
539,67,The Hangover
540,67,Bridesmaids
541,67,American Pie
542,67,Superbad
543,67,This Is The End
544,67,21 Jump Street
545,67,The Dictator
546,67,Hot Fuzz
547,68,Incredibles 2
548,68,Frozen
549,68,Moana
550,68,Coco
551,68,Inside Out
552,68,Finding Nemo
553,68,Zootopia
554,68,How to Train Your Dragon
555,69,John Wick
556,69,Black Panther
557,69,The Avengers
558,69,Thor
559,69,Deadpool
560,69,Ready Player One
561,69,Spiderman
562,69,Justice League
563,70,The Prestige
564,70,Prisoners
565,70,Gone Girl
566,70,Inception
567,70,Shutter Island
568,70,Nightcrawler
569,70,Black Swan
570,70,Taken
571,71,Jurassic World
572,71,Guardians of the Galaxy
573,71,Avatar
574,71,The Hunger Games
575,71,Inception
576,71,Interstellar
577,71,Iron Man
578,71,Star Trek
579,72,The Cove
580,72,Blackfish
581,72,Samsara
582,72,Searching For Sugar Man
583,72,Inside Job
584,72,The Act of Killing
585,72,Citizenfour
586,72,Grizzly Man